{"frames": {

"g1.png":
{
	"frame": {"x":0,"y":66,"w":53,"h":27},
	"rotated": false,
	"trimmed": true,
	"spriteSourceSize": {"x":1,"y":6,"w":53,"h":27},
	"sourceSize": {"w":55,"h":35}
},
"g2.png":
{
	"frame": {"x":53,"y":33,"w":53,"h":33},
	"rotated": false,
	"trimmed": true,
	"spriteSourceSize": {"x":1,"y":0,"w":53,"h":33},
	"sourceSize": {"w":55,"h":35}
},
"g3.png":
{
	"frame": {"x":0,"y":33,"w":53,"h":33},
	"rotated": false,
	"trimmed": true,
	"spriteSourceSize": {"x":1,"y":0,"w":53,"h":33},
	"sourceSize": {"w":55,"h":35}
},
"gc1.png":
{
	"frame": {"x":38,"y":117,"w":38,"h":20},
	"rotated": false,
	"trimmed": true,
	"spriteSourceSize": {"x":2,"y":6,"w":38,"h":20},
	"sourceSize": {"w":42,"h":26}
},
"gc2.png":
{
	"frame": {"x":0,"y":117,"w":38,"h":24},
	"rotated": false,
	"trimmed": true,
	"spriteSourceSize": {"x":2,"y":2,"w":38,"h":24},
	"sourceSize": {"w":42,"h":26}
},
"gc3.png":
{
	"frame": {"x":100,"y":114,"w":38,"h":24},
	"rotated": true,
	"trimmed": true,
	"spriteSourceSize": {"x":2,"y":1,"w":38,"h":24},
	"sourceSize": {"w":42,"h":26}
},
"p1.png":
{
	"frame": {"x":106,"y":38,"w":38,"h":20},
	"rotated": true,
	"trimmed": true,
	"spriteSourceSize": {"x":2,"y":6,"w":38,"h":20},
	"sourceSize": {"w":42,"h":26}
},
"p2.png":
{
	"frame": {"x":76,"y":93,"w":38,"h":24},
	"rotated": true,
	"trimmed": true,
	"spriteSourceSize": {"x":2,"y":2,"w":38,"h":24},
	"sourceSize": {"w":42,"h":26}
},
"p3.png":
{
	"frame": {"x":38,"y":93,"w":38,"h":24},
	"rotated": false,
	"trimmed": true,
	"spriteSourceSize": {"x":2,"y":1,"w":38,"h":24},
	"sourceSize": {"w":42,"h":26}
},
"r1.png":
{
	"frame": {"x":53,"y":66,"w":51,"h":27},
	"rotated": false,
	"trimmed": true,
	"spriteSourceSize": {"x":2,"y":6,"w":51,"h":27},
	"sourceSize": {"w":55,"h":35}
},
"r2.png":
{
	"frame": {"x":53,"y":0,"w":53,"h":33},
	"rotated": false,
	"trimmed": true,
	"spriteSourceSize": {"x":1,"y":0,"w":53,"h":33},
	"sourceSize": {"w":55,"h":35}
},
"r3.png":
{
	"frame": {"x":0,"y":0,"w":53,"h":33},
	"rotated": false,
	"trimmed": true,
	"spriteSourceSize": {"x":1,"y":0,"w":53,"h":33},
	"sourceSize": {"w":55,"h":35}
},
"rc1.png":
{
	"frame": {"x":106,"y":0,"w":38,"h":20},
	"rotated": true,
	"trimmed": true,
	"spriteSourceSize": {"x":2,"y":6,"w":38,"h":20},
	"sourceSize": {"w":42,"h":26}
},
"rc2.png":
{
	"frame": {"x":0,"y":93,"w":38,"h":24},
	"rotated": false,
	"trimmed": true,
	"spriteSourceSize": {"x":2,"y":2,"w":38,"h":24},
	"sourceSize": {"w":42,"h":26}
},
"rc3.png":
{
	"frame": {"x":104,"y":76,"w":38,"h":24},
	"rotated": true,
	"trimmed": true,
	"spriteSourceSize": {"x":2,"y":1,"w":38,"h":24},
	"sourceSize": {"w":42,"h":26}
}},
"meta": {
	"app": "http://www.codeandweb.com/texturepacker ",
	"version": "1.0",
	"image": "images-hd.png",
	"format": "RGBA8888",
	"size": {"w":128,"h":256},
	"scale": "0.5",
	"smartupdate": "$TexturePacker:SmartUpdate:28b79d6b23056b2ed6cd5a7a57f7fa81:1/1$"
}
}
