{ "BoingStar": { "angleVariance" : 360, "blendFuncDestination" : 771, "blendFuncSource" : 770, "duration" : 0.0, "emitterType" : 0, "finishColor" : "#ffff01", "finishColorVariance" : "#010101", "finishParticleSize" : 20, "finishParticleSizeVariance" : 0, "gravity" : "2.0, 0.0", "maxParticles" : 9, "maxRadius" : 0, "maxRadiusVariance" : 0, "minRadius" : 0, "minRadiusVariance" : 0, "particleLifespan" : 0.47, "particleLifespanVariance" : 0, "positionType" : 1, "radialAccelVariance" : 0, "radialAcceleration" : 0, "rotatePerSecond" : 0, "rotatePerSecondVariance" : 0, "rotation" : 0, "rotationEnd" : 0, "rotationEndVariance" : 0, "rotationStart" : 0, "rotationStartVariance" : 0, "sourcePositionVariance" : "0.0, 0.0", "speed" : 72, "speedVariance" : 0, "startColor" : "#ffff01", "startColorVariance" : "#010101", "startParticleSize" : 0, "startParticleSizeVariance" : 0, "tangentialAccelVariance" : 0, "tangentialAcceleration" : 0, "textureFileName" : "flyer.png", "visible" : true, "x" : 13, "y" : 13 }}