{ "FireBall1": { "angleVariance" : 360, "blendFuncDestination" : 1, "blendFuncSource" : 770, "duration" : 0, "emitterType" : 0, "finishColor" : "#d0ab53", "finishColorAlpha" : 1, "finishColorVariance" : "#010101", "finishColorVarianceAlpha" : 0, "finishParticleSize" : 0, "finishParticleSizeVariance" : 0, "gravity" : "0.0, 0.0", "maxParticles" : 743, "maxRadius" : 0, "maxRadiusVariance" : 0, "minRadius" : 0, "minRadiusVariance" : 0, "particleLifespan" : 0.28999999999999998002, "particleLifespanVariance" : 0.82000000000000006217, "positionType" : 1, "radialAccelVariance" : 0, "radialAcceleration" : -698, "rotatePerSecond" : 0, "rotatePerSecondVariance" : 0, "rotation" : 0, "rotationEnd" : 0, "rotationEndVariance" : 0, "rotationStart" : 0, "rotationStartVariance" : 0, "sourcePositionVariance" : "19.0, 19.0", "speed" : 330, "speedVariance" : 0, "startColor" : "#ff0001", "startColorAlpha" : 1, "startColorVariance" : "#010101", "startColorVarianceAlpha" : 1, "startParticleSize" : 79, "startParticleSizeVariance" : 65, "tangentialAccelVariance" : 0, "tangentialAcceleration" : -199, "textureFileName" : "point.png", "visible" : true, "x" : 0, "y" : 0 }}