{ "Fire2": { "angleVariance" : 0, "blendFuncDestination" : 1, "blendFuncSource" : 770, "duration" : 0, "emitterType" : 0, "finishColor" : "#ffffff", "finishColorAlpha" : 1, "finishColorVariance" : "#000100", "finishColorVarianceAlpha" : 1, "finishParticleSize" : 28, "finishParticleSizeVariance" : 0, "gravity" : "7.0, 1000.0", "maxParticles" : 118, "maxRadius" : 0, "maxRadiusVariance" : 0, "minRadius" : 0, "minRadiusVariance" : 0, "particleLifespan" : 0.26000000000000000888, "particleLifespanVariance" : 0.20999999999999999223, "positionType" : 1, "radialAccelVariance" : 0, "radialAcceleration" : 0, "rotatePerSecond" : 0, "rotatePerSecondVariance" : 0, "rotation" : 0, "rotationEnd" : 0, "rotationEndVariance" : 0, "rotationStart" : 0, "rotationStartVariance" : 0, "sourcePositionVariance" : "232.0, 0.0", "speed" : 0, "speedVariance" : 0, "startColor" : "#ff1300", "startColorAlpha" : 1, "startColorVariance" : "#000000", "startColorVarianceAlpha" : 1, "startParticleSize" : 101, "startParticleSizeVariance" : 77, "tangentialAccelVariance" : 0, "tangentialAcceleration" : 1, "textureFileName" : "particleFire_16.png", "visible" : true, "x" : 0, "y" : 0 }}